Search,Title,Link,Description
Baby Clothes,Baby & Newborn Clothes | Carter's | Free Shipping,www.carters.com,Shop baby clothes for boys & girls online at Carters.com. Find affordable & fashionable clothes for babies.
Baby Clothes,Baby Clothes & Newborn | The Children's Place | Free Shipping*,www.childrensplace.com,"The Children's Place has you covered for that new bundle of Joy, shop a great collection of Newborn baby Clothes from layettes, pajamas, and body suits."
Baby Clothes,Baby Clothing | Old Navy,oldnavy.gap.com,"The baby clothes collection at Old Navy has all the essentials for your little one. Shop the cutest outfits, onesies, sleepers and dresses for infants and newborns."
Baby Clothes,Baby Clothes: Explore Baby Clothing | Kohl's,www.kohls.com,Buy some sweet new outfits for a first baby - or a second! Even babies who benefit from big siblings' hand-me-downs deserve something new to celebrate their ...
Baby Clothes,Baby Clothes - Baby Clothing & Accessories - Macy's,www.macys.com,Baby Clothes at Macy's come in a variety of styles and sizes. Shop Baby Clothes at Macy's and find the latest styles for your little one today. Free Shipping ...
Baby Clothes,Baby Clothes : Target,www.target.com,Shop Target for baby clothes--from newborn to toddler Target has you covered. Free shipping on orders $35+ & free returns plus same-day in-store pickup.
Baby Clothes,Baby Clothing | Nordstrom,shop.nordstrom.com,"Free shipping on all baby clothes at Nordstrom.com. Shop footies, hats, leggings, gift sets & more from the best brands. Totally free shipping & returns."
Baby Clothes,Baby Girl Clothing at Janie and Jack,www.janieandjack.com,Shop one-of-a-kind baby girl clothes from Janie and Jack. We carry finely detailed baby girls clothing in a variety of luxurious styles.
Baby Clothes,Baby Clothes | Baby Depot | Free Shipping - Burlington,www.burlington.com,"Results 1 - 48 of 284 - Shop for baby clothes for all ages, including infants and toddlers. Find great deals on all clothes for babies at Baby Depot. Free Shipping ..."
Baby Clothes,"Little Me | Newborn and Baby Clothes, Toddler Clothing | Free ...",www.burlington.com,"Shop for baby clothing, newborn essentials and cute toddler clothes at Littleme.com, offering quality kids clothes for your little baby boy, baby girl and growing ..."
